Customer ID,Customer Name
CUST0001,Arjun
CUST0002,Kabir
CUST0003,Kabir
CUST0004,Myra
CUST0005,Diya
CUST0006,Rohan
CUST0007,Ishita
CUST0008,Diya
CUST0009,Diya
CUST0010,Vivaan
CUST0011,Riya
CUST0012,Rohan
CUST0013,Vivaan
CUST0014,Ayaan
CUST0015,Reyansh
CUST0016,Vihaan
CUST0017,Aarohi
CUST0018,Pari
CUST0019,Rohan
CUST0020,Kabir
CUST0021,Vihaan
CUST0022,Vihaan
CUST0023,Rohan
CUST0024,Rohan
CUST0025,Riya
CUST0026,Saanvi
CUST0027,Vihaan
CUST0028,Reyansh
CUST0029,Vihaan
CUST0030,Aarav
CUST0031,Aarav
CUST0032,Kabir
CUST0033,Ananya
CUST0034,Vihaan
CUST0035,Vihaan
CUST0036,Saanvi
CUST0037,Reyansh
CUST0038,Arjun
CUST0039,Arjun
CUST0040,Arjun
CUST0041,Vivaan
CUST0042,Aadhya
CUST0043,Arjun
CUST0044,Ishita
CUST0045,Diya
CUST0046,Kiara
CUST0047,Ayaan
CUST0048,Ishita
CUST0049,Arjun
CUST0050,Kiara
CUST0051,Vivaan
CUST0052,Ananya
CUST0053,Myra
CUST0054,Diya
CUST0055,Myra
CUST0056,Reyansh
CUST0057,Aditya
CUST0058,Aditya
CUST0059,Aadhya
CUST0060,Rohan
CUST0061,Vivaan
CUST0062,Reyansh
CUST0063,Reyansh
CUST0064,Riya
CUST0065,Aarohi
CUST0066,Reyansh
CUST0067,Ananya
CUST0068,Reyansh
CUST0069,Arjun
CUST0070,Aarohi
CUST0071,Riya
CUST0072,Reyansh
CUST0073,Saanvi
CUST0074,Aditya
CUST0075,Riya
CUST0076,Saanvi
CUST0077,Kiara
CUST0078,Ishita
CUST0079,Myra
CUST0080,Ishaan
CUST0081,Myra
CUST0082,Pari
CUST0083,Rohan
CUST0084,Saanvi
CUST0085,Kiara
CUST0086,Rohan
CUST0087,Reyansh
CUST0088,Ishaan
CUST0089,Aditya
CUST0090,Kabir
CUST0091,Diya
CUST0092,Reyansh
CUST0093,Diya
CUST0094,Ishita
CUST0095,Kiara
CUST0096,Ishaan
CUST0097,Aditya
CUST0098,Aarav
CUST0099,Vivaan
CUST0100,Vihaan
CUST0101,Diya
CUST0102,Diya
CUST0103,Rohan
CUST0104,Aarohi
CUST0105,Ayaan
CUST0106,Myra
CUST0107,Aditya
CUST0108,Ishita
CUST0109,Ishita
CUST0110,Ayaan
CUST0111,Arjun
CUST0112,Rohan
CUST0113,Arjun
CUST0114,Myra
CUST0115,Aarohi
CUST0116,Aditya
CUST0117,Kiara
CUST0118,Aditya
CUST0119,Reyansh
CUST0120,Aarav
CUST0121,Aarav
CUST0122,Ishita
CUST0123,Ishaan
CUST0124,Aarohi
CUST0125,Vihaan
CUST0126,Kabir
CUST0127,Rohan
CUST0128,Pari
CUST0129,Rohan
CUST0130,Pari
CUST0131,Kabir
CUST0132,Ayaan
CUST0133,Kiara
CUST0134,Arjun
CUST0135,Rohan
CUST0136,Kiara
CUST0137,Kabir
CUST0138,Pari
CUST0139,Kiara
CUST0140,Ishaan
CUST0141,Rohan
CUST0142,Diya
CUST0143,Riya
CUST0144,Aditya
CUST0145,Vivaan
CUST0146,Riya
CUST0147,Rohan
CUST0148,Ayaan
CUST0149,Reyansh
CUST0150,Riya
CUST0151,Kiara
CUST0152,Reyansh
CUST0153,Ishita
CUST0154,Ananya
CUST0155,Vihaan
CUST0156,Pari
CUST0157,Aarav
CUST0158,Aadhya
CUST0159,Ishaan
CUST0160,Aadhya
CUST0161,Aadhya
CUST0162,Ishaan
CUST0163,Rohan
CUST0164,Rohan
CUST0165,Ayaan
CUST0166,Aadhya
CUST0167,Aarav
CUST0168,Arjun
CUST0169,Riya
CUST0170,Myra
CUST0171,Ananya
CUST0172,Aarav
CUST0173,Kabir
CUST0174,Reyansh
CUST0175,Vivaan
CUST0176,Vihaan
CUST0177,Pari
CUST0178,Kiara
CUST0179,Rohan
CUST0180,Myra
CUST0181,Vivaan
CUST0182,Reyansh
CUST0183,Ayaan
CUST0184,Aditya
CUST0185,Kiara
CUST0186,Vihaan
CUST0187,Kabir
CUST0188,Kiara
CUST0189,Myra
CUST0190,Riya
CUST0191,Pari
CUST0192,Aarohi
CUST0193,Saanvi
CUST0194,Kabir
CUST0195,Kiara
CUST0196,Ishita
CUST0197,Aadhya
CUST0198,Ishita
CUST0199,Kiara
CUST0200,Myra
CUST0201,Pari
CUST0202,Ishita
CUST0203,Kabir
CUST0204,Arjun
CUST0205,Vihaan
CUST0206,Pari
CUST0207,Rohan
CUST0208,Riya
CUST0209,Ayaan
CUST0210,Aditya
CUST0211,Riya
CUST0212,Ananya
CUST0213,Aditya
CUST0214,Vivaan
CUST0215,Arjun
CUST0216,Ayaan
CUST0217,Saanvi
CUST0218,Aarav
CUST0219,Vihaan
CUST0220,Ishaan
CUST0221,Rohan
CUST0222,Ayaan
CUST0223,Riya
CUST0224,Vivaan
CUST0225,Ishaan
CUST0226,Aadhya
CUST0227,Aditya
CUST0228,Ayaan
CUST0229,Aadhya
CUST0230,Arjun
CUST0231,Vivaan
CUST0232,Ishaan
CUST0233,Kabir
CUST0234,Aarav
CUST0235,Aarohi
CUST0236,Ananya
CUST0237,Vihaan
CUST0238,Riya
CUST0239,Aadhya
CUST0240,Riya
CUST0241,Diya
CUST0242,Vivaan
CUST0243,Pari
CUST0244,Myra
CUST0245,Rohan
CUST0246,Kiara
CUST0247,Diya
CUST0248,Myra
CUST0249,Myra
CUST0250,Saanvi
CUST0251,Aarav
CUST0252,Vihaan
CUST0253,Ananya
CUST0254,Riya
CUST0255,Ishaan
CUST0256,Vivaan
CUST0257,Kiara
CUST0258,Vivaan
CUST0259,Arjun
CUST0260,Reyansh
CUST0261,Rohan
CUST0262,Ishaan
CUST0263,Aadhya
CUST0264,Rohan
CUST0265,Myra
CUST0266,Riya
CUST0267,Ishita
CUST0268,Ayaan
CUST0269,Saanvi
CUST0270,Arjun
CUST0271,Ananya
CUST0272,Vivaan
CUST0273,Ayaan
CUST0274,Kabir
CUST0275,Ayaan
CUST0276,Aarohi
CUST0277,Diya
CUST0278,Kiara
CUST0279,Vihaan
CUST0280,Diya
CUST0281,Ayaan
CUST0282,Aadhya
CUST0283,Aditya
CUST0284,Rohan
CUST0285,Rohan
CUST0286,Rohan
CUST0287,Diya
CUST0288,Vihaan
CUST0289,Rohan
CUST0290,Pari
CUST0291,Aarav
CUST0292,Kiara
CUST0293,Ishita
CUST0294,Myra
CUST0295,Riya
CUST0296,Vihaan
CUST0297,Riya
CUST0298,Aditya
CUST0299,Riya
CUST0300,Ishaan
CUST0301,Riya
CUST0302,Kabir
CUST0303,Myra
CUST0304,Riya
CUST0305,Aarav
CUST0306,Rohan
CUST0307,Ishaan
CUST0308,Reyansh
CUST0309,Vihaan
CUST0310,Kabir
CUST0311,Aadhya
CUST0312,Kiara
CUST0313,Myra
CUST0314,Pari
CUST0315,Saanvi
CUST0316,Pari
CUST0317,Aarohi
CUST0318,Aadhya
CUST0319,Ananya
CUST0320,Riya
CUST0321,Myra
CUST0322,Aditya
CUST0323,Myra
CUST0324,Arjun
CUST0325,Rohan
CUST0326,Kiara
CUST0327,Aditya
CUST0328,Ishaan
CUST0329,Pari
CUST0330,Aarohi
CUST0331,Vivaan
CUST0332,Aarohi
CUST0333,Kabir
CUST0334,Vihaan
CUST0335,Vivaan
CUST0336,Saanvi
CUST0337,Aarohi
CUST0338,Rohan
CUST0339,Ishaan
CUST0340,Ananya
CUST0341,Kabir
CUST0342,Ishaan
CUST0343,Ayaan
CUST0344,Vihaan
CUST0345,Aadhya
CUST0346,Vivaan
CUST0347,Ishita
CUST0348,Aarohi
CUST0349,Aditya
CUST0350,Vihaan
CUST0351,Ishaan
CUST0352,Saanvi
CUST0353,Saanvi
CUST0354,Ishita
CUST0355,Aarohi
CUST0356,Arjun
CUST0357,Diya
CUST0358,Myra
CUST0359,Riya
CUST0360,Vivaan
CUST0361,Aditya
CUST0362,Pari
CUST0363,Vivaan
CUST0364,Myra
CUST0365,Vihaan
CUST0366,Ananya
CUST0367,Ananya
CUST0368,Diya
CUST0369,Aditya
CUST0370,Ishaan
CUST0371,Ishita
CUST0372,Diya
CUST0373,Vihaan
CUST0374,Reyansh
CUST0375,Kiara
CUST0376,Arjun
CUST0377,Aarohi
CUST0378,Arjun
CUST0379,Aarohi
CUST0380,Myra
CUST0381,Ishita
CUST0382,Reyansh
CUST0383,Pari
CUST0384,Aditya
CUST0385,Rohan
CUST0386,Riya
CUST0387,Ishita
CUST0388,Arjun
CUST0389,Myra
CUST0390,Pari
CUST0391,Reyansh
CUST0392,Vihaan
CUST0393,Pari
CUST0394,Reyansh
CUST0395,Saanvi
CUST0396,Aadhya
CUST0397,Aarav
CUST0398,Aarav
CUST0399,Vivaan
CUST0400,Ananya
CUST0401,Ishita
CUST0402,Vihaan
CUST0403,Vihaan
CUST0404,Riya
CUST0405,Ishita
CUST0406,Reyansh
CUST0407,Kabir
CUST0408,Vihaan
CUST0409,Reyansh
CUST0410,Ishita
CUST0411,Pari
CUST0412,Ayaan
CUST0413,Pari
CUST0414,Diya
CUST0415,Vihaan
CUST0416,Vivaan
CUST0417,Aadhya
CUST0418,Myra
CUST0419,Ananya
CUST0420,Arjun
CUST0421,Saanvi
CUST0422,Reyansh
CUST0423,Reyansh
CUST0424,Aarohi
CUST0425,Myra
CUST0426,Kabir
CUST0427,Aadhya
CUST0428,Reyansh
CUST0429,Kiara
CUST0430,Myra
CUST0431,Rohan
CUST0432,Aditya
CUST0433,Vivaan
CUST0434,Myra
CUST0435,Pari
CUST0436,Ishaan
CUST0437,Rohan
CUST0438,Vihaan
CUST0439,Aditya
CUST0440,Riya
CUST0441,Aadhya
CUST0442,Aadhya
CUST0443,Rohan
CUST0444,Ishaan
CUST0445,Ayaan
CUST0446,Aarohi
CUST0447,Rohan
CUST0448,Kiara
CUST0449,Rohan
CUST0450,Aditya
CUST0451,Aarohi
CUST0452,Vivaan
CUST0453,Kiara
CUST0454,Aarav
CUST0455,Rohan
CUST0456,Aarohi
CUST0457,Kabir
CUST0458,Aditya
CUST0459,Vihaan
CUST0460,Ananya
CUST0461,Aarav
CUST0462,Saanvi
CUST0463,Ayaan
CUST0464,Ishaan
CUST0465,Ayaan
CUST0466,Riya
CUST0467,Rohan
CUST0468,Aarav
CUST0469,Aarohi
CUST0470,Aarav
CUST0471,Diya
CUST0472,Diya
CUST0473,Ishaan
CUST0474,Kabir
CUST0475,Aarohi
CUST0476,Aditya
CUST0477,Saanvi
CUST0478,Vihaan
CUST0479,Pari
CUST0480,Kabir
CUST0481,Aarav
CUST0482,Myra
CUST0483,Vihaan
CUST0484,Vihaan
CUST0485,Aarav
CUST0486,Rohan
CUST0487,Arjun
CUST0488,Aarohi
CUST0489,Arjun
CUST0490,Vivaan
CUST0491,Kiara
CUST0492,Vivaan
CUST0493,Reyansh
CUST0494,Kabir
CUST0495,Vihaan
CUST0496,Reyansh
CUST0497,Aarav
CUST0498,Pari
CUST0499,Aarav
CUST0500,Aarav
CUST0501,Vihaan
CUST0502,Reyansh
CUST0503,Aarav
CUST0504,Ishita
CUST0505,Aarohi
CUST0506,Ishita
CUST0507,Aarav
CUST0508,Saanvi
CUST0509,Vivaan
CUST0510,Ayaan
CUST0511,Riya
CUST0512,Aarohi
CUST0513,Saanvi
CUST0514,Vihaan
CUST0515,Aarav
CUST0516,Ishita
CUST0517,Ayaan
CUST0518,Ananya
CUST0519,Reyansh
CUST0520,Aditya
CUST0521,Pari
CUST0522,Aarav
CUST0523,Kiara
CUST0524,Kiara
CUST0525,Aarav
CUST0526,Ayaan
CUST0527,Aadhya
CUST0528,Reyansh
CUST0529,Aadhya
CUST0530,Aarohi
CUST0531,Aadhya
CUST0532,Vihaan
CUST0533,Myra
CUST0534,Diya
CUST0535,Pari
CUST0536,Aarav
CUST0537,Riya
CUST0538,Riya
CUST0539,Diya
CUST0540,Myra
CUST0541,Arjun
CUST0542,Aditya
CUST0543,Vihaan
CUST0544,Kabir
CUST0545,Aditya
CUST0546,Riya
CUST0547,Ishita
CUST0548,Ayaan
CUST0549,Riya
CUST0550,Rohan
CUST0551,Kiara
CUST0552,Saanvi
CUST0553,Kiara
CUST0554,Kabir
CUST0555,Ayaan
CUST0556,Kiara
CUST0557,Vivaan
CUST0558,Ananya
CUST0559,Ananya
CUST0560,Saanvi
CUST0561,Vihaan
CUST0562,Riya
CUST0563,Vivaan
CUST0564,Ananya
CUST0565,Reyansh
CUST0566,Saanvi
CUST0567,Pari
CUST0568,Ishaan
CUST0569,Ishita
CUST0570,Aditya
CUST0571,Ayaan
CUST0572,Vivaan
CUST0573,Aadhya
CUST0574,Aditya
CUST0575,Kiara
CUST0576,Myra
CUST0577,Kiara
CUST0578,Vihaan
CUST0579,Kiara
CUST0580,Aarohi
CUST0581,Ananya
CUST0582,Riya
CUST0583,Kabir
CUST0584,Saanvi
CUST0585,Aarohi
CUST0586,Myra
CUST0587,Rohan
CUST0588,Kiara
CUST0589,Kabir
CUST0590,Ishaan
CUST0591,Reyansh
CUST0592,Rohan
CUST0593,Kabir
CUST0594,Vihaan
CUST0595,Vivaan
CUST0596,Ishaan
CUST0597,Pari
CUST0598,Diya
CUST0599,Riya
CUST0600,Aditya
CUST0601,Diya
CUST0602,Kiara
CUST0603,Vihaan
CUST0604,Saanvi
CUST0605,Myra
CUST0606,Ayaan
CUST0607,Kiara
CUST0608,Ishaan
CUST0609,Riya
CUST0610,Pari
CUST0611,Ishita
CUST0612,Ayaan
CUST0613,Riya
CUST0614,Rohan
CUST0615,Kiara
CUST0616,Diya
CUST0617,Arjun
CUST0618,Saanvi
CUST0619,Arjun
CUST0620,Aarohi
CUST0621,Ishita
CUST0622,Aditya
CUST0623,Diya
CUST0624,Ayaan
CUST0625,Aditya
CUST0626,Ishaan
CUST0627,Ayaan
CUST0628,Ishaan
CUST0629,Aditya
CUST0630,Aarav
CUST0631,Ananya
CUST0632,Aadhya
CUST0633,Arjun
CUST0634,Aarohi
CUST0635,Aadhya
CUST0636,Ishaan
CUST0637,Riya
CUST0638,Vivaan
CUST0639,Reyansh
CUST0640,Arjun
CUST0641,Arjun
CUST0642,Reyansh
CUST0643,Saanvi
CUST0644,Myra
CUST0645,Vihaan
CUST0646,Aarohi
CUST0647,Ishita
CUST0648,Vihaan
CUST0649,Ananya
CUST0650,Arjun
CUST0651,Diya
CUST0652,Aadhya
CUST0653,Kiara
CUST0654,Vihaan
CUST0655,Pari
CUST0656,Aadhya
CUST0657,Diya
CUST0658,Riya
CUST0659,Myra
CUST0660,Ishita
CUST0661,Ishaan
CUST0662,Diya
CUST0663,Vihaan
CUST0664,Kabir
CUST0665,Pari
CUST0666,Aadhya
CUST0667,Arjun
CUST0668,Diya
CUST0669,Vivaan
CUST0670,Aarav
CUST0671,Ishita
CUST0672,Vivaan
CUST0673,Saanvi
CUST0674,Arjun
CUST0675,Ayaan
CUST0676,Kabir
CUST0677,Pari
CUST0678,Vihaan
CUST0679,Myra
CUST0680,Aarohi
CUST0681,Vivaan
CUST0682,Pari
CUST0683,Kabir
CUST0684,Pari
CUST0685,Kabir
CUST0686,Ayaan
CUST0687,Pari
CUST0688,Arjun
CUST0689,Vihaan
CUST0690,Ayaan
CUST0691,Reyansh
CUST0692,Ayaan
CUST0693,Reyansh
CUST0694,Arjun
CUST0695,Aarav
CUST0696,Aadhya
CUST0697,Arjun
CUST0698,Arjun
CUST0699,Ayaan
CUST0700,Diya
CUST0701,Ananya
CUST0702,Riya
CUST0703,Saanvi
CUST0704,Vihaan
CUST0705,Riya
CUST0706,Rohan
CUST0707,Saanvi
CUST0708,Aadhya
CUST0709,Ananya
CUST0710,Vivaan
CUST0711,Ishaan
CUST0712,Rohan
CUST0713,Ananya
CUST0714,Myra
CUST0715,Saanvi
CUST0716,Ishita
CUST0717,Myra
CUST0718,Ishaan
CUST0719,Vihaan
CUST0720,Rohan
CUST0721,Riya
CUST0722,Vihaan
CUST0723,Saanvi
CUST0724,Kiara
CUST0725,Kabir
CUST0726,Ananya
CUST0727,Aarav
CUST0728,Vihaan
CUST0729,Aarohi
CUST0730,Rohan
CUST0731,Reyansh
CUST0732,Aditya
CUST0733,Aarohi
CUST0734,Pari
CUST0735,Vivaan
CUST0736,Aditya
CUST0737,Diya
CUST0738,Aarav
CUST0739,Ayaan
CUST0740,Vivaan
CUST0741,Myra
CUST0742,Riya
CUST0743,Vivaan
CUST0744,Pari
CUST0745,Riya
CUST0746,Arjun
CUST0747,Diya
CUST0748,Aditya
CUST0749,Ishaan
CUST0750,Aadhya
CUST0751,Ayaan
CUST0752,Vivaan
CUST0753,Myra
CUST0754,Vivaan
CUST0755,Ananya
CUST0756,Diya
CUST0757,Pari
CUST0758,Ishita
CUST0759,Saanvi
CUST0760,Arjun
CUST0761,Reyansh
CUST0762,Aditya
CUST0763,Vihaan
CUST0764,Pari
CUST0765,Vivaan
CUST0766,Kiara
CUST0767,Kiara
CUST0768,Riya
CUST0769,Myra
CUST0770,Saanvi
CUST0771,Arjun
CUST0772,Saanvi
CUST0773,Aditya
CUST0774,Myra
CUST0775,Vivaan
CUST0776,Ananya
CUST0777,Diya
CUST0778,Aarohi
CUST0779,Aarav
CUST0780,Vihaan
CUST0781,Riya
CUST0782,Diya
CUST0783,Diya
CUST0784,Aditya
CUST0785,Ishaan
CUST0786,Kabir
CUST0787,Pari
CUST0788,Pari
CUST0789,Aarohi
CUST0790,Aditya
CUST0791,Aarav
CUST0792,Vivaan
CUST0793,Ishita
CUST0794,Saanvi
CUST0795,Pari
CUST0796,Ayaan
CUST0797,Vivaan
CUST0798,Ishaan
CUST0799,Vivaan
CUST0800,Diya
